date_added,source,channel,video_title,url,pillar,thumbnail_text,layout,background_color,doctor_position,doctor_expression,prop,estimated_performance,lesson
2026-05-16,Competitor Scan,Dr. Michael Kent,NEVER Take B12 With THESE 2 Common Medications After 60,https://www.youtube.com/watch?v=pIl2U7q5Zgs,Medication Warning,"NEVER + B12 + 2 MEDS",Center doctor + red text overlay,Navy/dark blue,Center 50%,Serious/concerned,Pill bottles,High 312K,"Red text on dark background + doctor center + pill prop = high CTR for med warning"
2026-05-16,Competitor Scan,Dr. Michael Kent,I am a Surgeon and I would NEVER recommend these 5 surgeries,https://www.youtube.com/watch?v=-1GkVP3a4H4,Surgery Fear,"5 SURGERIES + NEVER",Doctor in scrubs + white coat,White/medical,Center 55%,Authoritative/serious,None,Very High 1.1M,"Surgeon authority + white coat + serious face = maximum trust for surgery content"
2026-05-16,Competitor Scan,Dr. Adewale,5 Popular Medications Dangerous for the Heart After 60,https://www.youtube.com/watch?v=hzfFhndRvWs,Heart + Meds,"5 MEDS + HEART + DANGEROUS",Doctor + heart icon,Red/dark,Center 50%,Warning/concerned,Heart diagram,High 347K,"Organ icon in thumbnail immediately communicates the stakes"
2026-05-16,Competitor Scan,Dr. Franklin,Beware! 9 Popular Medications That Can Trigger Rapid Dementia After 60,,Dementia + Meds,"BEWARE! + 9 MEDS + DEMENTIA",Doctor + brain icon,Dark/red,Center 50%,Alarmed/urgent,Brain image,Very High 718K,"Beware! opener + brain icon + dementia text = highest performer in scan"
2026-05-16,Competitor Scan,Dr. James Hargrove,He Died In His Sleep From Doing This,https://www.youtube.com/watch?v=beJUAmZUWDg,Death Fear,"HE DIED + 3 AM + STOP",Dark bedroom scene + clock,Black/dark,Off-center doctor,Urgent/begging,Alarm clock,Low 6K (new),"Death-fear thumbnail needs dark background + time element + urgent text"
2026-05-16,Pattern Analysis,Derived,MEDICATION DANGER TEMPLATE,,Medication Warning,"[Number] + MEDS + [Organ] + WARNING",Doctor center + organ icon + red text,Navy/red,Center 50%,Serious,Pill bottles + organ,Projected High,"Combine: doctor authority + organ stakes + red warning text + specific number"
2026-05-16,Pattern Analysis,Derived,FOOD DANGER TEMPLATE,,Food Warning,"NEVER + [Number] + FOODS + RED X",Doctor + food with red X,Dark,Center 50%,Warning,Food items,Projected High,"Red X over food + NEVER text + doctor pointing = food warning CTR"
2026-05-16,Pattern Analysis,Derived,HIDDEN DEFICIENCY TEMPLATE,,Deficiency,"[Body Part] + MISSING + [Vitamin]",Doctor + body part + vitamin bottle,Blue/dark,Center 45%,Concerned,Vitamin bottle + body,Projected High,"Show the body part at risk + the missing nutrient = personal relevance"
2026-06-06,Thumbnail Brief,Dr. Victor Kane,VID-021 Heartbeat Changed After 60 — Pulse Pattern Predicts Stroke,,Cardiovascular/Stroke Prevention,"HEARTBEAT CHANGED? / SILENT STROKE",Variant A: Doctor checking wrist pulse + pulse waveform split (regular→irregular),Variant B: Doctor hand on chest + brain with electrical storm,Variant A: Teal/cyan/red, Variant B: Teal/orange-red/cyan,Center 50%,Variant A: Calm/knowing, Variant B: Serious/concerned,Variant A: Pulse waveform on wrist, Variant B: Brain silhouette + electrical storm,Projected High 7-9% CTR (Variant B),"Pulse waveform split visual is unique — regular→irregular transition communicates AFib at a glance. Brain + electrical storm makes stroke risk visceral. Teal palette distinct from all previous thumbnails."
2026-06-06,Thumbnail Brief,Dr. Victor Kane,VID-022 Doctor Tested Kidneys Wrong After 60 — The Test They Skip,,Kidney Health/Diagnostic Gap,"TESTED WRONG / KIDNEYS After 60",Variant A: Doctor holding lab report + fading muscle silhouette,Variant B: Doctor two-finger V gesture + split lab comparison panels,Variant A: Forest green/amber/silver, Variant B: Forest green/amber/red-yellow,Center 50%,Variant A: Direct/challenging, Variant B: Empathetic/urgent,Variant A: Lab report + fading muscle, Variant B: Split panels (creatinine X vs cystatin C warning),Projected High 6-8% CTR (Variant A),"TESTED WRONG provocation is proven high-CTR framing. Split lab comparison panels are unique visual. Fading muscle silhouette communicates sarcopenia mask concept instantly. Forest green palette distinct from all previous thumbnails."
2026-06-06,Thumbnail Brief,Dr. Victor Kane,VID-005 Check Your Nails — Nail Health Signals Systemic Disease,,Nail Health/Body Signal,"CHECK YOUR NAILS / What They're Hiding",Variant A: Doctor face left + nail streak extreme close + red arrow,Variant B: Split comparison (normal vs clubbed) + doctor pointing,Variant A: Navy/yellow/coral, Variant B: Blue-green/red/charcoal,Center 50%,Variant A: Concerned/surprised, Variant B: Instructional authority,Variant A: Dark nail streak with arrow, Variant B: Fingertip comparison icons,Projected High 6-8% CTR,"Dark nail streak is instantly recognizable personal symptom. Split comparison makes condition visible. Coral accent color avoids palette repetition."
2026-06-06,Thumbnail Brief,Dr. Victor Kane,VID-006 BP Medication Depleting Magnesium After 60,,Medication/Nutrient Depletion,"MAGNESIUM: 1.2 / DRAINING",Variant A: Doctor explaining + pill bottle + fading magnesium molecule,Variant B: Doctor intense focus + lab result card "MAG 1.2" + red arrow,Variant A: Navy-charcoal gradient/yellow/red, Variant B: Dark navy/white/red,Center 50%,Variant A: Concerned/calm, Variant B: Intense/direct,Variant A: Split prescription vs faded energy, Variant B: Lab card with danger numbers,Projected High 7-9% CTR (Variant B expected),"Specific lab number (1.2) creates pattern interrupt. Fading magnesium molecule visualizes depletion. Red arrow on danger number is proven CTR element."
2026-06-06,Thumbnail Brief,Dr. Victor Kane,VID-007 Microplastics in Your Liver After 60 — Why Your Body Can't Detox,,Microplastics/Organ Damage,"MICROPLASTICS / IN YOUR LIVER",Variant A: Doctor gesturing + semi-transparent liver + colored particles inside,Variant B: Doctor alarmed + clean vs clogged filter comparison,Variant A: Forest green/amber/particles multi, Variant B: Cyan/charcoal,Center 50%,Variant A: Serious concern, Variant B: Alarmed/revelation,Variant A: Liver with trapped particles, Variant B: Filter comparison visual,Projected High 6-8% CTR,"Glowing liver with particles is visually unique in health niche. Filter comparison is instantly understood. Amber/orange palette is fresh and distinct."
2026-06-06,Thumbnail Brief,Dr. Victor Kane,VID-008 Cholesterol Myth After 60 — Why Lower Isn't Always Better,,Cardiovascular/Myth-Buster,"CHOLESTEROL 248 ❌ / RATIO 1.58 ✓",Variant A: Doctor skeptical + crossed-out cholesterol number + green ratio,Variant B: Doctor explaining + paradox graph + upside arrows,Variant A: Purple/yellow/green, Variant B: Slate/magenta/cyan,Center 50%,Variant A: Skeptical/correction, Variant B: Warm/teaching,Variant A: Blood test card with X/green, Variant B: Correlation arrow graph,Projected High 6-8% CTR,"Crossed-out 248 challenges viewer's own cholesterol number. Green 1.58 ratio shows the 'right' answer. Purple palette is intellectually distinct."
2026-06-06,Thumbnail Brief,Dr. Victor Kane,VID-009 90-Second Bedtime Routine That Protects Your Brain From Stroke,,Stroke Prevention/Sleep,"10 PM—6 AM / MOST STROKES HAPPEN / 90 SECONDS",Variant A: Doctor toward clock + nighttime hours + red warning glow,Variant B: Doctor pointing + four routine icons + "90 SECONDS",Variant A: Teal/yellow/coral, Variant B: Midnight blue/yellow/teal,Center 50%,Variant A: Serious/time-aware, Variant B: Encouraging/helpful,Variant A: Clock showing 2 AM with red glow, Variant B: Illustrated routine steps,Projected High 7-9% CTR (Variant A expected),"Counter-intuitive timing (strokes at night) creates holy-shit moment. Clock visual is relatable time element. 90 seconds promises simplicity."
2026-06-06,Thumbnail Brief,Dr. Victor Kane,VID-010 2-Minute Morning Test Predicts Your Fall Risk After 60,,Fall Prevention/Balance,"2 OF 3 / FAILING? / FALL RISK",Variant A: Doctor concerned + three icons (eye/ear/foot) one red,Variant B: Doctor pointing + single-leg stand silhouette + timer,Variant A: Navy/green/red, Variant B: Charcoal/orange/yellow,Center 50%,Variant A: Diagnostic concern, Variant B: Instructional/engaging,Variant A: Three balance system icons, Variant B: Test position + timer,Projected High 6-8% CTR,"'2 of 3 failing' creates identity crisis that drives click. Balance system icons make complex concept visual. Navy-green is fresh palette combination."
2026-06-06,Thumbnail Brief,Dr. Victor Kane,VID-011 Why Your Legs Swell After 60 — The Liver Connection,,Swelling/Liver Albumin Gap,"SHOE MARK / ON YOUR ANKLE / LIVER FINE?",Variant A: Doctor warm + swollen ankle photo with sock indent,Variant B: Doctor earnest + split liver→legs + lab card "LOW ALBUMIN",Variant A: Warm beige/navy/coral, Variant B: Teal/coral/yellow,Center 50%,Variant A: Warm/relatable, Variant B: Empathetic/caring,Variant A: Photo of ankle with sock mark, Variant B: Liver to legs flow diagram,Projected High 6-8% CTR,"Shoe indent photo is highly relatable shared experience. Low albumin lab card reveals medical mystery. Warm beige palette is approachable/different."
2026-06-06,Thumbnail Brief,Dr. Victor Kane,VID-012 Sodium-Potassium Switch Lowers Blood Pressure 48 Hours,,Heart/Electrolyte,"SODIUM ↓ / POTASSIUM ↑ / 48 HOURS",Variant A: Doctor teaching + seesaw graphic (Na vs K),Variant B: Doctor confident + BP monitor before/after + timer,Variant A: Forest green/blue/gold, Variant B: Navy/orange/green,Center 50%,Variant A: Teaching/clear, Variant B: Results/confident,Variant A: Seesaw balance visual, Variant B: BP reading transition,Projected High 7-9% CTR (Variant B expected),"48 HOURS is proven speed-claim CTR driver. Seesaw explains mechanism visually. Forest-green is natural/food-connected palette."
2026-06-06,Thumbnail Brief,Dr. Victor Kane,VID-013 Why Your Ears Ring After 60 — Brain Blood Flow Secret,,Brain/Tinnitus/Vertabral Artery,"NOT YOUR EARS / YOUR NECK",Variant A: Doctor intimate + neck anatomy + verterbral arteries,Variant B: Doctor pointing + sound waves + blood flow arrows,Variant A: Deep blue/red/yellow, Variant B: Purple-indigo/cyan/coral,Center 50%,Variant A: Intimate/sincere, Variant B: Hopeful/solution-focused,Variant A: Neck anatomy illustration, Variant B: Sound wave/blood flow graphic,Projected High 7-9% CTR,"Contradiction of common belief (ears vs neck) is compelling. Neck anatomy reveals hidden connection. Deep blue is intimate/medical."
2026-06-06,Thumbnail Brief,Dr. Victor Kane,VID-014 Medicine Cabinet Making You Vitamin D Deficient After 60,,Medication/Nutrient Depletion,"MEDS STEALING / VITAMIN D",Variant A: Doctor concerned + medicine cabinet + highlighted bottle,Variant B: Doctor teaching + CYP24A1 enzyme scissors cutting D,Variant A: Dark slate/red/yellow, Variant B: Scientific blue/yellow/red,Center 50%,Variant A: Concerned/revelation, Variant B: Educational/authority,Variant A: Open medicine cabinet with bottles, Variant B: Molecular scissors cutting D,Projected High 6-8% CTR,"Medicine cabinet is relatable personal space. CYP24A1 enzyme visual is unique/original. Dark slate palette feels serious/urgent."
2026-06-07,Thumbnail Brief,Dr. Victor Kane,VID-025 Your Muscles Are Disappearing After 60 — The Protein Timing Mistake,,Muscle Health/Sarcopenia/Protein Timing,"MUSCLE DISAPPEARING? / PROTEIN TIMING ❌",Variant A: Doctor center-right + clock with 3 meal sections (morning bar red/critically low),Variant B: Doctor center-left + split-arm comparison (healthy pink muscle vs atrophied gray gaps),Variant A: Charcoal/amber/coral red, Variant B: Slate blue/salmon gray,Center 50%,Variant A: Concerned/teaching with head tilt, Variant B: Empathetic concern + hand on bicep,Variant A: Protein clock with failing morning bar + faint arm silhouette,Variant B: Split arm cross-section + 3 meal plates (morning empty vs evening overflow),Projected High 6-8% CTR (Variant B expected higher),"Clock metaphor for protein timing is unique visual. Split-arm body comparison triggers self-assessment. Charcoal and slate blue palettes are both fresh and unique."
2026-06-07,Thumbnail Brief,Dr. Victor Kane,VID-026 Your Blood Sugar Spikes After 60 — The Dawn Phenomenon Nobody Explains,,Blood Sugar/Dawn Phenomenon/Endocrinology,"3 AM / LIVER RELEASING SUGAR",Variant A: Doctor center-left + liver icon pouring glucose + blood glucose spike curve,Variant B: Doctor center-large (no white coat) + split dinner plate (X) vs liver glow VS comparison,Variant A: Midnight navy/golden amber/electric red, Variant B: Warm gray/white split/assertive red/metabolic green,Variant A: 50%, Variant B: 60% (larger, confrontational),Variant A: Revelation/secret-sharing finger up,Variant B: Defiant/empathetic 'not your fault' palms-up,Variant A: Liver→glucose cascade + 3 AM clock,Variant B: Dinner-X vs liver-glow VS comparison + glucose spike graph,Projected High 7-9% CTR (Variant A expected higher),"3 AM time-stamp is proven irresistible hook. Liver glucose dump metaphor makes invisible process visible. 'NOT YOUR DINNER' reframe is radical contradiction of viewer assumption. First split-background + first bare-armed doctor = maximum visual differentiation. Midnight navy is darkest background yet."
2026-06-08,Thumbnail Brief,Dr. Victor Kane,VID-027 The Antibiotic That Destroyed My Patient's Tendon — The 6-Month Danger Window After 60,,Medication Danger/Fluoroquinolone Safety,"6 MONTHS LATER / CIPRO / TENDON RUPTURE","Variant A: Doctor center-right + leg silhouette with red Achilles glow + pill bottle arrow. Variant B: Doctor center-left + ruptured tendon illustration + timeline DAY 1→6 MONTHS","Variant A: Deep medical blue #0D47A1/warning red #D32F2F/amber #FDD835. Variant B: Dark charcoal #263238/electric red #FF1744/clinical white",Center 55%,"Variant A: Serious concern/furrowed brow. Variant B: Urgent alarm/mouth open","Variant A: Achilles tendon silhouette with red glow + pill bottle. Variant B: Ruptured tendon anatomy + timeline graphic + warning triangle",Projected High 7-9% CTR (Variant B expected higher),"6 MONTHS LATER time-lapse concept is untapped in health niche. Achilles tendon rupture visual is unique. Deep medical blue palette is fresh. Timeline graphic (DAY 1→6 MONTHS) creates visual narrative. Variant B Shocking Discovery format aligned with highest-CTR competitor pattern."
2026-06-08,Thumbnail Brief,Dr. Victor Kane,VID-028 Why You Wake Up Sweaty and Confused After 60 — The 3 AM Blood Sugar Crash,,Blood Sugar/Nocturnal Hypoglycemia/Diagnostic Gap,"3 AM / BLOOD SUGAR CRASH / YOUR DOCTOR MISSED THIS","Variant A: Doctor center-left + 3 AM clock with red glow + glucose meter 47 mg/dL + sweat drops. Variant B: Doctor center-right + 3-drug triangle + glucose spike graph + 3 AM integrated text","Variant A: Midnight purple #1A0033/electric cyan #00E5FF/warning red #D32F2F. Variant B: Deep teal #004D40/bright orange #FF6D00/clean white","Variant A: Center 50%. Variant B: Center 55%","Variant A: Warm concern + sweat drops on face. Variant B: Authoritative teaching + 3 fingers up","Variant A: 3 AM clock + glucose meter + sweat drops + 3 pill icons. Variant B: 3-drug triangle + glucose curve graph + integrated 3 AM text",Projected High 7-9% CTR (Variant A expected higher),"3 AM time-stamp is proven irresistible hook. Midnight purple palette is completely new. Sweat drops on doctor = unique empathy visual. Three-drug triangle interaction is original. 47 mg/dL specific number creates pattern interrupt. YOUR DOCTOR MISSED THIS framing unique to diagnostic gap positioning."
2026-06-10,Thumbnail Brief,Dr. Victor Kane,VID-029 Your Liver Is Fatty After 60 — Why Your Normal Blood Test Missed It,,Diagnostic Gap/Liver Health/Fatty Liver,"NORMAL / YOUR LIVER DISAGREES","Variant A: Doctor center-left holding lab report with green NORMAL stamp + semi-transparent fatty liver silhouette behind report. Variant B: Doctor center-right hand on abdomen + split liver comparison (healthy pink vs fatty yellow) + blood test tube with question mark","Variant A: Warm olive green #556B2F/clinical white gradient/warning amber #FF8F00/danger red #D32F2F. Variant B: Deep maroon #800020/dark charcoal gradient/sickly yellow-green #CDDC39/clinical white","Variant A: Center 55%. Variant B: Center 55%","Variant A: Concerned furrowed brow/eyes at viewer. Variant B: Direct challenging/slightly concerned","Variant A: Lab report with NORMAL stamp + fatty liver silhouette glowing behind. Variant B: Split liver comparison (healthy vs fatty) + blood test tube",Projected High 7-9% CTR (Variant B expected higher),"Green NORMAL stamp vs fatty liver behind it creates cognitive dissonance. Split liver comparison is visceral and educational. Lab report as central prop is unique in channel. Olive green and maroon palettes are completely new. Diagnostic gap framing (test missed it) is core Dr. Kane positioning."
2026-06-10,Thumbnail Brief,Dr. Victor Kane,VID-030 Morning Headache After 60 — The Blood Pressure Surge Your Doctor Missed,,Cardiovascular/Diagnostic Gap/BP/Stroke Prevention,"MORNING HEADACHE? / BP: 185/112","Variant A: Doctor center-left temple highlighted with red glow + BP monitor showing 185/112 + dark bedroom 5:47 AM + ibuprofen bottle with red X. Variant B: Doctor center-right in pajamas (no white coat) holding BP cuff + 3-panel BP comparison (lying 120/80 sitting 145/95 standing 168/105) + red trend arrow","Variant A: Deep midnight blue #0D1B2A/dark teal gradient/electric red #FF1744/pale cyan #00E5FF. Variant B: Warm dawn gradient #FF6F00/#E65100/bright yellow #FDD835/clinical white/warning red #D32F2F","Variant A: Center 50%. Variant B: Center 55%","Variant A: Urgent concern/mouth slightly open/eyes wide. Variant B: Empathetic warm but serious (first pajamas/no white coat)","Variant A: BP monitor 185/112 + jagged spike line + 5:47 AM clock + ibuprofen with red X. Variant B: Three BP position panels + upward trend arrow + home BP cuff",Projected High 7-9% CTR (Variant A expected higher initially),"Specific BP number 185/112 creates pattern interrupt. Red X over ibuprofen challenges current solution. Doctor in pajamas is first for channel = major visual differentiation. 3-panel BP comparison is unique educational format. Dawn gradient palette is completely new. Morning headache symptom is highly relatable for 60+ audience."
2026-06-11,Thumbnail Brief,Dr. Victor Kane,VID-031 You Slept 8 Hours But Woke Up Tired — The Oxygen Drop Your Sleep Study Missed,,Sleep/Respiratory/Diagnostic Gap/UARS,"8 HOURS SLEPT / STILL TIRED?","Variant A: Doctor center-55% white coat + oxygen waveform dip showing sawtooth desaturation + 84% nadir in red. Variant B: Doctor center-60% no white coat + crossed-out NORMAL stamp on sleep study report + ODI 12.7 vs AHI 2.1 comparison","Variant A: Deep plum #4A148C/electric coral #FF6E40/soft silver #CFD8DC. Variant B: Deep navy #0D1B2A + teal #004D40 split bg/warning red #D32F2F/bright amber #FDD835","Variant A: Center 55%. Variant B: Center 60%","Variant A: Warm concern + hand touching throat. Variant B: Alarmed revelation + finger pointing at crossed-out stamp","Variant A: Pulse oximeter waveform with sawtooth desaturation + 84% nadir number. Variant B: Sleep study report with red-X over NORMAL + ODI vs AHI numbers",Projected High 7-9% CTR (Variant B expected higher),"Oxygen waveform dip is unique visual in health niche. Crossed-out NORMAL on sleep study creates cognitive dissonance. ODI vs AHI comparison is original. Deep plum palette is completely new. First doctor-without-white-coat variant. UARS diagnostic gap is untapped competitor positioning."
2026-06-11,Thumbnail Brief,Dr. Victor Kane,VID-032 Your Spine Is Curving After 60 — The Domino Effect on Your Organs,,Musculoskeletal/Organ Compression/Diagnostic Gap,"HEAD NOT TOUCHING WALL? / 3 ORGANS BEING CRUSHED","Variant A: Doctor center-50% pointing at wall-test silhouette + 3 organ icons (lungs/heart/stomach) with compression arrows. Variant B: Doctor center-55% hand on chest + vertical 5-domino chain (spine lungs heart stomach circulation) with motion lines","Variant A: Warm charcoal #37474F/deep orange #E65100/clinical teal #00695C. Variant B: Deep forest green #1B5E20/crimson #B71C1C/gold #F9A825/cool gray #78909C","Variant A: Center 50%. Variant B: Center 55%","Variant A: Direct instructional authority pointing at gap. Variant B: Empathetic concern + hand on own chest","Variant A: Human silhouette against wall with red head-wall gap highlighted + organ compression arrows. Variant B: 5-domino vertical cascade with organ icons + 60+ badge",Projected High 7-9% CTR (Variant B expected higher),"Wall-test silhouette is unique interactive visual. Domino chain metaphor makes invisible cascade visceral. Forest green + crimson + gold palette is completely new. Organ compression cascade concept is untapped."
2026-06-12,Thumbnail Brief,Dr. Victor Kane,VID-036 Your Fingernails Are Warning You About 4 Organs After 60 — The Nail Ridge Organ Map,,Body Signals/Multi-Organ Diagnostic,"NAIL RIDGES / ORGAN MAP","Variant A: Doctor center-left 45% white coat + extreme nail close-up with 4 colored lines connecting to organ icons (liver/heart/kidney/lung) + clinical white gradient bg. Variant B: Doctor center-right 45% no white coat + split nail comparison (smooth normal vs ridged warning) + sage green/cream gradient bg","Variant A: Clinical white #FAFAFA→light gray #ECEFF1/deep teal #00695C/warm bronze #8D6E63 + organ micro-colors. Variant B: Sage green #C8E6C9→cream #FFF8E1/deep red #B71C1C/forest green #2E7D32/warm gold #F9A825","Variant A: Center 45%. Variant B: Center 45%","Variant A: Direct eye contact/instructional authority/one finger pointing at nail. Variant B: Concerned/surprised/mouth slightly open/hand reaching toward warning nail","Variant A: Nail close-up with 4 colored connector lines to organ icons (liver amber/heart red/kidney purple/lung cyan). Variant B: Split nail comparison (NORMAL in green vs WARNING in red) + VS badge",Projected High 7-9% CTR (Variant A expected higher),"FIRST light background in channel history = massive pattern interrupt in dark-thumbnail health niche. Organ-mapping visual is completely original. Nail close-up is instantly recognizable personal symptom. Diagnostic framework positioning unique to Dr. Kane. Sage green palette is warm/approachable and completely new."
2026-06-12,Thumbnail Brief,Dr. Victor Kane,VID-037 3 AM Blood Sugar CRASH — The Somogyi Effect Your Doctor Missed,,Metabolic/Diagnostic Gap,"3 AM CRASH / SUGAR REBOUND","Variant A: Doctor center-left 50% white coat + holding pill bottle with red question mark + Somogyi glucose curve (55→180) + burgundy/plum gradient bg. Variant B: Doctor center-right 50% no white coat + pointing at dual overlaid glucose curves (normal dawn teal vs Somogyi red) + ocean blue/midnight teal gradient bg","Variant A: Deep burgundy #4A0040→dark plum #311B92/electric yellow #FFEB3B/warning red #FF1744/bright green #00E676. Variant B: Deep ocean blue #004D40→midnight teal #00251A/teal #00BFA5/electric red #FF1744/soft white #E0F2F1","Variant A: Center 50%. Variant B: Center 50%","Variant A: Serious concern/furrowed brow/eyes locked on viewer/holding pill bottle with both hands. Variant B: Teaching authority/pointing at red curve/slight smile/direct eye contact","Variant A: Pill bottle with red question mark + Somogyi curve graph (dip to 55 then spike to 180) + 3 AM clock. Variant B: Dual overlaid glucose curves (normal dawn vs Somogi rebound) + 3 AM clock integrated into x-axis",Projected High 7-9% CTR (Variant A expected higher),"Somogyi curve (dip→spike) is completely unique visual — no competitor shows this glucose pattern. Pill bottle with red question mark directly challenges viewer medication. Burgundy/plum palette is rich and distinct. 55→180 number pair creates pattern interrupt. Diagnostic gap framing is core Dr. Kane positioning. Somogyi vs dawn distinction is completely unowned by any competitor."
2026-06-13,Thumbnail Brief,Dr. Victor Kane,VID-039 Your Nerves Are Dying While You Sleep After 60 — The Bedtime Habit Destroying Your Nerves,,Neurological/Sleep/Bedtime Nerve Destruction,"NERVES DYING / WHILE YOU SLEEP","Variant A: Doctor center-55% white coat + alarmed expression + finger raised + nerve pathways fading from feet upward + 2 AM clock. Variant B: Doctor center-55% serious concern + hand on neck + split comparison (healthy glowing nerves left vs deteriorating nerves right)","Variant A: Deep midnight navy #0D1B2A/electric coral #FF6E40/glowing cyan #00E5FF/warning red #D32F2F. Variant B: Deep plum #4A148C + dark teal #004D40 split/electric coral #FF6E40/cyan #00E5FF","Variant A: Center 55%. Variant B: Center 55%","Variant A: Alarmed/urgent/mouth open. Variant B: Serious concern/revelation","Variant A: Fading nerve pathway overlay + 2 AM clock with red glow. Variant B: Split nerve comparison (healthy vs deteriorating) + nerve anatomy diagram",Projected High 7-9% CTR (Variant A expected higher),"Nighttime nerve destruction framing is unique in channel and niche. Midnight navy + electric coral palette is completely new. 2 AM clock is unique time-stamp. Nerve pathway visualization is original. First thumbnail to address bedtime nerve destruction concept with fear-urgency framing."
2026-06-13,Thumbnail Brief,Dr. Victor Kane,VID-040 Ozempic Is Shrinking Your Arteries After 60 — The Vascular Truth Nobody Explains,,GLP-1/Vascular/Medication Safety,"OZEMPIC / SHRINKING YOUR ARTERIES","Variant A: Doctor center-50% white coat + serious concern + holding pill with stop gesture + artery cross-section with constriction arrows + Ozempic pen. Variant B: Doctor center-60% more alarmed + split artery comparison (healthy wide vs constricted) + both hands up","Variant A: Deep charcoal #263238/warning red #FF1744/artery pink #FF8A80/cyan #00E5FF. Variant B: Dark teal #004D40→charcoal #263238 gradient/warning red #FF1744/green #00E5FF","Variant A: Center 50%. Variant B: Center 60%","Variant A: Serious concern/furrowed brow/measured warning. Variant B: Revelation shock/alarmed","Variant A: Artery cross-section with constriction arrows + Ozempic pen silhouette. Variant B: Split artery comparison (healthy green/cyan vs constricted red) + VS badge",Projected High 7-9% CTR (Variant B expected higher),"First brand-name medication thumbnail in channel. Deep charcoal + warning red + artery pink palette is completely new. Artery cross-section visualization is unique. Measured warning emotional framing is distinct from previous alarm approaches. First GLP-1/vascular angle thumbnail — captures first-mover window before GMA 5.8M mainstream coverage."
2026-06-14,Thumbnail Brief,Dr. Victor Kane,VID-041 Your Fingernails Are Warning You About 4 Organs After 60 — The Nail Ridge Organ Map,,Body Signals/Multi-Organ Diagnostic,"YOUR FINGERNAILS / ORGAN MAP →","Variant A: Doctor center-left 48% white coat + instructional authority + pointing at nail close-up with 4 colored connector lines to organ icons (liver/heart/kidney/lung). Variant B: Doctor center-right 48% no white coat + concerned/surprised + split nail comparison (healthy smooth green vs ridged warning red)","Variant A: Deep espresso brown #3E2723/burnished gold #DAA520/clinical teal #00897B/pale bone #EFEBE9 + organ micro-colors. Variant B: Desert sand #D7CCC8→espresso #3E2723 split/sage green #689F38/rust orange #BF360C/gold #DAA520","Variant A: Center-left 48%. Variant B: Center-right 48%","Variant A: Direct instructional authority/pointing at nail. Variant B: Concerned/surprised/mouth slightly open/hand reaching toward warning nail","Variant A: Nail close-up with 4 colored connector lines to organ icons (liver amber/heart red/kidney purple/lung cyan). Variant B: Split nail comparison (NORMAL in green vs WARNING in red) + 60+ badge",Projected High 7-9% CTR (Variant A expected higher),"FIRST warm-brown palette in channel history = massive pattern interrupt. Organ connector line visual is completely original — no competitor shows nail-to-organ mapping. Self-discovery hook drives immediate engagement. Diagnostic empowerment positioning unique to Dr. Kane. Nail health niche EMPTY at scale."
35|2026-06-14,Thumbnail Brief,Dr. Victor Kane,VID-042 The Blood Vessel in Your Neck That Predicts Your Brain's Future After 60,,Cardiovascular/Neurological/Carotid-Dementia,"YOUR NECK → BRAIN PREDICTS","Variant A: Doctor center 50% white coat + teaching authority + hands on own neck + semi-transparent carotid cross-section overlay with blood-flow arrows + brain silhouette with vascular network + CIMT 0.9mm calipers. Variant B: Doctor center-right 55% no white coat + revelation expression + split artery comparison (healthy 0.6mm gold vs thickened 1.2mm red) + brain vascular fade","Variant A: Deep oceanic teal #003B46/luminous cyan #00E5FF→#00838F/warm amber-gold #FFB300/deep arterial red #B71C1C/fog white #E0F2F1. Variant B: Bifurcated split — left deep oceanic teal #003B46/right dark volcanic #1A1A1A→#3E0000/arterial amber #FFB300/warning crimson #D50000/vascular pink #FF80AB","Variant A: Center 50%. Variant B: Center-right 55%","Variant A: Teaching authority/warm but serious/hands on neck. Variant B: Revelation shock/eyes wide/pointing at measurement comparison","Variant A: Carotid cross-section anatomy overlay + blood-flow arrows + CIMT calipers + brain vascular network. Variant B: Split artery cross-section (0.6mm healthy vs 1.2mm thickened) + brain vascular fade from amber to red",Projected High 7-9% CTR (Variant B expected higher initially),"CIMT/dementia connection is completely unowned by any competitor. Deep oceanic teal palette is new. Specific measurement numbers (0.6 vs 1.2) create pattern interrupt. Bridges cardiovascular and neurological audiences. First thumbnail to show carotid measurement as brain prediction tool. Kapadia's legs-predict-death at 84K validates body-part-prediction format."
36|2026-06-15,Thumbnail Brief,Dr. Victor Kane,VID-043 Your Magnesium Can't Reach Your Arteries After 60 — The Form Mistake,,Cardiovascular/Nutrient-Vascular,"MAGNESIUM / CAN'T REACH YOUR ARTERIES","Variant A: Doctor center-55% white coat + serious/teaching + ghosted dissolving MgO bottle + artery cross-section with rejected Mg2+ ions. Variant B: Doctor center-60% alarmed + pharmacy shelf with 6 Mg bottles (5 X'd out, 1 taurate glowing green)","Variant A: Arterial red #B71C1C→charcoal #263238/glowing teal #00E5FF/warning yellow #FDD835/ghosted gray #90A4AE. Variant B: Pharmacy blue #0D47A1→slate #37474F/electric red #FF1744/glowing green #00E676/warning yellow #FDD835","Variant A: Center 55%. Variant B: Center 60%","Variant A: Serious concern/head tilt/eyes locked on viewer. Variant B: Alarmed/urgent/mouth slightly open/both hands stop gesture","Variant A: Ghosted dissolving pill bottle + artery cross-section with teal Mg2+ ions being rejected. Variant B: Pharmacy shelf with X'd bottles + single glowing green taurate bottle + callout arrow",Projected High 7-9% CTR (Variant B expected higher),"Ghosted dissolving supplement visual is completely original. Molecular ion rejection at artery wall is unique in health niche. Pharmacy shelf with X/green selection is new visual format. First thumbnail to address supplement FORM (not just take this). Arterial red + teal palette distinct from VID-040 charcoal/red/pink. Pharmacy blue palette is completely new."
37|2026-06-15,Thumbnail Brief,Dr. Victor Kane,VID-044 Taking BP Medicine at the Wrong Time After 60 — The Nighttime Blind Spot,,Cardiovascular/Chronopharmacology,"MORNING: 118/72 / NIGHT: 168/105 / WRONG TIME","Variant A: Doctor center-55% urgent + split day/night clock (green AM vs red PM) + BP monitor 168/105 + dawn-to-midnight split bg. Variant B: Doctor center-50% teaching + pill bottle with clock face (10 PM) + dark bedroom bg + NOT 8 AM with X/checkmark","Variant A: Dawn gold #FFB300→midnight red #B71C1C split/clinical green #00E676/danger red #FF1744/white. Variant B: Midnight blue #0D1B2A→dark teal #004D40/glowing amber #FFB300/danger red #FF1744/moonlight silver #CFD8DC","Variant A: Center 55%. Variant B: Center 50%","Variant A: Urgent concern/mouth open/pointing at nighttime reading. Variant B: Teaching authority/knowing smile/hands framing pill bottle clock","Variant A: Split clock (green 6 AM vs red 11 PM) + dual BP readings (118/72 green vs 168/105 red). Variant B: Pill bottle with clock face showing 10 PM + morning X / night checkmark + bedroom nightstand scene",Projected High 7-9% CTR (Variant B expected higher),"Split day/night clock is completely original visual. Dual BP reading comparison is new. Pill bottle with clock face is unique metaphor. First thumbnail to address medication TIMING. Dawn-to-midnight split palette is new. Bedroom background is unique setting. Moonlight silver palette is new. NOT 8 AM direct behavioral challenge is new text approach."
38| 38|
39| 39|2026-06-16,Thumbnail Brief,Dr. Victor Kane,VID-045 Morning Symptom Predicts Heart Attack 6 Months Before After 60,,Cardiovascular/Predictive Body Signals,"SHORT OF BREATH? / 6 MONTHS BEFORE","Variant A: Doctor center-55% white coat + hand on chest + coronary artery overlay + SpO2 waveform 94%. Variant B: Doctor center-50% no white coat + reaching toward viewer + split bedroom gold/clinical navy bg + 6-month arrow graphic","Variant A: Deep indigo #1A1A3E→lavender #B39DDB/warning amber #FDD835/soft white #E8EAF6/danger red #FF1744. Variant B: Split bedroom gold #FFB300→clinical navy #0D47A1/coral #FF6E40/cool white #ECEFF1","Variant A: Center 55%. Variant B: Center 50%","Variant A: Calm knowing concern/eyes locked on viewer/finger raised. Variant B: Empathetic urgency/mouth slightly open/reaching toward viewer","Variant A: Semi-transparent coronary artery overlay + SpO2 waveform with 94% nadir. Variant B: Illustrated figure on bed edge + 6:15 AM clock + 6-month arrow graphic",Projected High 7-9% CTR (Variant A expected higher),"Coronary artery overlay is completely new visual. SpO2 waveform in thumbnail is unique. Indigo/lavender palette is fresh. Split bedroom/clinical background is first ever for channel. 6-month temporal arrow is new text approach. Doctor reaching toward viewer is new gesture. No white coat variant is new for VID-series."
40| 40|2026-06-16,Thumbnail Brief,Dr. Victor Kane,VID-046 Ears Ring Louder at Night After 60 — The Vascular Truth,,Neurological/Vascular Tinnitus,"EARS RING / LOUDER AT NIGHT / IT'S NOT YOUR EARS","Variant A: Doctor center-55% white coat + hand cupped to ear + sound wave intensifying thin→jagged + BP monitor 152/96. Variant B: Doctor center-60% no white coat + pointing at viewer + dual ear comparison diagrams (normal vs turbulent flow) + vascular mandala bg","Variant A: Deep twilight blue #0D1B2A→warm amber #FFB300/electric cyan #00E5FF→warning red #FF1744/moonlight silver #CFD8DC. Variant B: Radiating vascular teal #004D40→charcoal #263238/arterial red #B71C1C/pulse teal #00BFA5","Variant A: Center 55%. Variant B: Center 60%","Variant A: Intimate revelation/cupped ear gesture/eyes wide with knowing sincerity. Variant B: Teaching authority with slight smile/pointing at viewer/direct eye contact","Variant A: Sound wave graphic (thin calm→jagged intense) + BP monitor 152/96 + crescent moon. Variant B: Dual ear cross-section comparison (normal teal vs turbulent red) + 10 PM clock + pulsatile waveform",Projected High 7-9% CTR (Variant A expected higher),"Sound wave graphic in thumbnail is completely new. Doctor cupped-to-ear gesture is unique. Twilight blue→amber palette is fresh. IT'S NOT YOUR EARS contradiction text is new emotional hook. Dual ear anatomy comparison is first for channel. Vascular mandala background is unique. Tinnitus niche is completely new for channel — no previous tinnitus thumbnail exists. First video to address pulsatile vs non-pulsatile distinction."
41|41| 41|2026-06-18,Thumbnail Brief,Dr. Victor Kane,VID-047 10-Second Balance Test Predicts Death Risk After 60,,Fall Prevention/Vascular,"10 SECONDS / CAN YOU?","Variant A: Doctor center-left 50% white coat + finger raised + stopwatch 10 SEC + single-leg stance silhouette behind. Variant B: Doctor center-right 55% no white coat + holding tablet with mortality bar chart + split forest green/charcoal bg","Variant A: Volcanic black #0D0D0D→ember red #3E0000/electric cyan #00E5FF/warm amber #FFB300. Variant B: Forest green #1B5E20/charcoal #263238 split/warning red #FF1744/electric yellow #FFEB3B","Variant A: Center-left 50%. Variant B: Center-right 55%","Variant A: Direct instructional authority/one finger raised/eyes locked on viewer. Variant B: Serious concern/furrowed brow/eyes intense no smile","Variant A: Single-leg stance silhouette + 4 system icons (eye/ear/foot/brain) + stopwatch. Variant B: Mortality bar chart tablet showing survival % by balance time + red danger zone below 10s",Projected High 7-9% CTR (Variant A expected higher),"CAN YOU? challenge format proven at 1.46M+ scale. Volcanic black palette is darkest in channel history. First mortality-prediction balance thumbnail. Data-driven fear format (Variant B) leverages Real Truth hook. Single-leg silhouette triggers physical self-testing response."
42|42| 42|2026-06-18,Thumbnail Brief,Dr. Victor Kane,VID-049 Stair Climbing Vascular Pump After 60 — The Soleus Second Heart,,Vascular/Functional Decline,"STAIRS HARDER? / YOUR PUMP IS FAILING","Variant A: Doctor center-left 50% white coat + hand reaching toward viewer + pointing at stair silhouette + glowing soleus. Variant B: Doctor center-right 55% no white coat + hands forming heart shape over calf + split soleus comparison (healthy teal vs failing gray)","Variant A: Stone gray #78909C→slate #37474F/electric teal #00BFA5/warm amber #FFB300/electric coral #FF6E40. Variant B: Ocean blue #003B46→teal #004D40/arterial red #B71C1C/teal #00BFA5/gray #757575","Variant A: Center-left 50%. Variant B: Center-right 55%","Variant A: Empathetic recognition/warm eyes/head tilt/reaching to help up. Variant B: Teaching authority/slight smile/hands forming heart over calf","Variant A: Illustrated figure on stairs with glowing soleus + fading blood flow arrows + stair-step texture bg. Variant B: Split soleus comparison (healthy teal glow vs faded gray) + heart icons + deep body vascular bg",Projected High 7-9% CTR (Variant B expected higher),"YOUR SECOND HEART is completely original phrase in health thumbnail space. Split soleus comparison is unique educational format. Stone/slate palette is first gray-stone tones in channel. Doctor reaching to help up is new emotional gesture. First thumbnail to visualize soleus-as-pump mechanism. Ocean blue palette creates deep-body vascular feel."
43|43| 43|2026-06-19,Thumbnail Brief,Dr. Victor Kane,VID-050 Your Gut Leaked After 60 — And It's Inflaming Your Joints,,Gut-Joint Inflammation/LPS Pipeline,YOUR GUT LEAKED / INFLAMING YOUR JOINTS,Variant A: Doctor center-left 45% white coat + gut-to-joint LPS pathway with glowing particles + warm charcoal/olive gradient,Warm charcoal #263238 to olive #37474F gradient,Center-left 45%,Empathetic authority/slight furrowed brow/determination,Semi-transparent torso silhouette with gut-to-bloodstream-to-joint glowing particle pathway,Projected High 7-9% CTR (Variant A expected higher),Gut-to-joint LPS pipeline visual is completely unique in health thumbnail space. Validation emotion aligns with Dr. Kane explains WHY positioning. Warm charcoal/olive palette is completely new.
2026-06-19,Thumbnail Brief,Dr. Victor Kane,VID-050 Your Gut Leaked After 60 — And It's Inflaming Your Joints,,Gut-Joint Inflammation/LPS Pipeline,ARTHRITIS TESTS: NORMAL / BUT YOUR JOINTS ARE INFLAMED,Variant B: Doctor center-right 50% no white coat + split lab report (green NORMAL) vs inflamed joint + split green/red bg,Split: clinical sage green #1B5E20 to deep crimson #B71C1C,Center-right 50%,Surprised revelation/eyebrows raised/mouth open,Lab report with green NORMAL stamp + split joint comparison healthy vs inflamed,Projected High 6-8% CTR,Cognitive dissonance (tests normal but joints inflamed) is new emotional hook. Split green/red background is new format. Lab report with NORMAL stamp builds on VID-029 success.
2026-06-19,Thumbnail Brief,Dr. Victor Kane,VID-051 Why Your Dentist Sees Brain Inflammation When They Look in Your Mouth After 60,,Dental-Brain Axis/Oral-Brain Bacterial Highway,MOUTH TO BRAIN / DENTIST SEES IT FIRST,Variant A: Doctor center-left 45% white coat + bacteria traveling from teeth into brain + midnight teal gradient,Deep midnight teal #00251A to dark navy #0D1B2A gradient,Center-left 45%,Serious clinical concern/furrowed brow/direct eye contact,Mouth illustration with glowing bacteria dots traveling upward into brain silhouette,Projected High 6-8% CTR,Bacterial highway visualization is completely new. Midnight teal palette is completely new. MOUTH TO BRAIN arrow format is unique text approach.
46|2026-06-19,Thumbnail Brief,Dr. Victor Kane,VID-051 Why Your Dentist Sees Brain Inflammation When They Look in Your Mouth After 60,,Dental-Brain Axis/Oral-Brain Bacterial Highway,YOUR DENTIST / SEES YOUR BRAIN,Variant B: Doctor center-right 50% no white coat + split brain comparison healthy teal vs inflamed crimson + split teal/crimson bg,Split: deep teal #004D40 to dark crimson #4A0000,Center-right 50%,Empathetic concern with hope/slight smile/serious eyes,Split brain comparison healthy teal/cyan vs inflamed crimson/orange + P. gingivalis icons,Projected High 7-9% CTR (Variant B expected higher),Alzheimers connection is highest-emotion hook in health niche. Split brain comparison is unique visual. YOUR DENTIST personalization is new text approach. Split teal/crimson palette is completely new.
47|2026-06-20,Thumbnail Brief,Dr. Victor Kane,VID-053 The Blood Test Your Doctor Forgets After 60 — Lp(a),,Diagnostic Gap/Cardiovascular/Advocacy,THEY NEVER TESTED / YOUR HEART,Variant A: Doctor center-left 50% white coat + holding blood test tube + genetic helix inside tube + Lp(a) sticky-hook particle + navy/teal gradient bg,Deep clinical navy #0D1B2A to dark teal #004D40 gradient,Center-left 50%,Serious authority/furrowed brow/eyes locked on viewer/holding test tube,Blood test tube with glowing genetic helix + Lp(a) sticky-hook particle graphic + subtle nmol/L scale,Projected High 7-9% CTR,Genetic helix inside blood tube is original visual. Sticky-hook Lp(a) particle is unique metaphor. Navy→teal palette is new for blood test content. "THEY NEVER TESTED" system-failure framing is new emotional hook.
48|2026-06-20,Thumbnail Brief,Dr. Victor Kane,VID-053 The Blood Test Your Doctor Forgets After 60 — Lp(a),,Diagnostic Gap/Cardiovascular/Advocacy,LDL: 85 ✓ / BUT Lp(a)?,Variant B: Doctor center-right 55% no white coat + split lab comparison (green LDL 85 vs red Lp(a) 187 with ?) + split green/crimson bg,Split: clinical green #1B5E20 to deep crimson #4A0000,Center-right 55%,Revelation/eyebrows raised/hands open in "here's the truth" gesture,Split lab result cards (green LDL 85 ✓ vs red Lp(a) 187 ⚠) + large ? mark + red arrow connecting numbers,Projected High 7-9% CTR (Variant B expected higher),Specific number contrast (85 vs 187) creates pattern interrupt. Split green/crimson is proven high-CTR format. "BUT Lp(a)?" paradox framing is new. First thumbnail to visualize Lp(a) as hidden multiplier.
49|2026-06-20,Thumbnail Brief,Dr. Victor Kane,I223 The Morning Pattern in Your Legs After 60 That Predicts Heart Failure,,Cardiovascular/Body Signal/Predictive,MORNING LEGS? / HEART FAILURE,Variant A: Doctor center-left 50% white coat + split morning/evening scene (bedroom 6:30 AM heavy legs vs sofa 8 PM normal legs) + dawn gradient bg,Dawn gold #FFB300 to twilight blue #0D1B2A gradient,Center-left 50%,Empathetic recognition/slight head tilt/one hand reaching toward legs,Split morning/evening scene + clock faces (6:30 AM vs 8 PM) + leg pressure lines (morning) vs relaxed (evening) + small heart icon,Projected High 7-9% CTR (Variant A expected higher),Morning/evening split scene is unique visual format. Dawn gradient palette is completely new. Bedroom scene is highly relatable for 60+ audience. "MORNING LEGS?" symptom-first framing drives self-identification. HFpEF diagnostic gap is completely unowned.
50|2026-06-20,Thumbnail Brief,Dr. Victor Kane,I223 The Morning Pattern in Your Legs After 60 That Predicts Heart Failure,,Cardiovascular/Body Signal/Predictive,LEGS: MORNING ≠ EVENING / HEART CLUE,Variant B: Doctor center-right 55% no white coat + stacked leg comparison (morning heavy red vs evening normal green) + VS badge + burgundy/plum gradient bg,Deep burgundy #4A0040 to dark plum #311B92 gradient,Center-right 55%,Teaching authority/pointing at comparison/slight smile/serious eyes,Two leg silhouettes (morning red pressure arrows HEAVY vs evening green checkmark NORMAL) + VS badge + small heart with question mark,Projected High 6-8% CTR,VS badge format is new for leg content. Burgundy→plum palette is completely new. "MORNING ≠ EVENING" pattern contrast is unique text approach. Stacked leg comparison is original educational format.
51|